Organism Scientific Name	Organism Common Name	Organism Qualifier	Taxonomy id	Assembly Name	Assembly Accession	Source	Annotation	Level	Contig N50	Size	Submission Date	Gene Count	BioProject	BioSample
Treponema pallidum subsp. pallidum str. Nichols		strain: Nichols	243276	ASM860v1	GCA_000008605.1	GenBank	From INSDC submitter	Complete Genome	1138011	1138011	1999-12-22	1091	PRJNA5	SAMN02604348
Treponema pallidum subsp. pallidum SS14		strain: SS14	455434	ASM1782v1	GCA_000017825.1	GenBank	From INSDC submitter	Chromosome	975907	1139457	2008-05-22	1088	PRJNA20067	SAMN00000318
Treponema pallidum subsp. pallidum str. Chicago		strain: Chicago	666714	ASM2448v1	GCA_000024485.1	GenBank	From INSDC submitter	Chromosome	975717	1139281	2010-03-15	1119	PRJNA39981	SAMN02604256
Treponema pallidum subsp. pertenue str. SamoaD		strain: SamoaD	491078	ASM24675v1	GCA_000246755.1	GenBank	From INSDC submitter	Chromosome	976110	1139330	2012-02-06	1125	PRJNA30671	SAMN00000317
Treponema pallidum subsp. pertenue str. CDC2		strain: CDC2	491079	ASM24677v1	GCA_000246775.1	GenBank	From INSDC submitter	Chromosome	976546	1139744	2012-02-06	1125	PRJNA30651	SAMN02603003
Treponema pallidum subsp. pertenue str. Gauthier		strain: Gauthier	491080	ASM24679v1	GCA_000246795.1	GenBank	From INSDC submitter	Chromosome	976217	1139417	2012-02-06	1125	PRJNA30653	SAMN02603004
Treponema pallidum subsp. pallidum DAL-1		strain: DAL-1	491081	ASM24681v1	GCA_000246815.1	GenBank	From INSDC submitter	Chromosome	976357	1139971	2012-02-06	1122	PRJNA30649	SAMN02603007
Treponema pallidum subsp. pallidum str. Mexico A		strain: Mexico A	686990	ASM30429v1	GCA_000304295.1	GenBank	From INSDC submitter	Chromosome	976470	1140038	2012-10-09	1035	PRJNA41401	SAMN00004588
Treponema pallidum str. Fribourg-Blanc		strain: Fribourg-Blanc	1155775	ASM38748v1	GCA_000387485.1	GenBank	From INSDC submitter	Chromosome	977257	1140481	2013-05-02	1122	PRJNA86661	SAMN03081442
Treponema pallidum subsp. pallidum str. Nichols		strain: Nichols	243276	ASM41053v2	GCA_000410535.2	GenBank	From INSDC submitter	Chromosome	976495	1139633	2013-07-03	1035	PRJNA30655	SAMN02603005
Treponema pallidum subsp. pallidum SS14		strain: SS14	455434	ASM41055v1	GCA_000410555.1	GenBank	From INSDC submitter	Chromosome	975980	1139569	2013-06-11	1032	PRJNA20067	SAMN00000318
Treponema pallidum subsp. endemicum str. Bosnia A		strain: Bosnia A	1155776	ASM81328v1	GCA_000813285.1	GenBank	From INSDC submitter	Chromosome	974078	1137653	2015-01-02	1122	PRJNA86663	SAMN03274241
Treponema pallidum subsp. pallidum	syphilis treponeme	strain: Amoy	161	ASM162869v1	GCA_001628695.1	GenBank	From INSDC submitter	Chromosome	299191	1139223	2016-04-22	1026	PRJNA315615	SAMN04556745
Treponema pallidum subsp. pallidum	syphilis treponeme	strain: Chicago Population	161	ASM165523v1	GCA_001655235.1	GenBank	From INSDC submitter	Chromosome	975853	1139466	2016-06-03	1033	PRJNA271237	SAMN03273363
Treponema pallidum subsp. pallidum	syphilis treponeme	strain: CDC-A	161	ASM165527v1	GCA_001655275.1	GenBank	From INSDC submitter	Chromosome	976109	1139722	2016-06-03	1031	PRJNA271237	SAMN03273364
Treponema pallidum subsp. pallidum	syphilis treponeme	strain: Nichols Houston	161	ASM165531v1	GCA_001655315.1	GenBank	From INSDC submitter	Chromosome	974861	1138471	2016-06-03	1029	PRJNA271237	SAMN03273361
Treponema pallidum subsp. pallidum	syphilis treponeme	strain: Nichols Houston	161	ASM165535v1	GCA_001655355.1	GenBank	From INSDC submitter	Chromosome	976028	1139641	2016-06-03	1030	PRJNA271237	SAMN03273362
Treponema pallidum subsp. pallidum	syphilis treponeme	strain: UW074B	161	ASM165539v1	GCA_001655395.1	GenBank	From INSDC submitter	Chromosome	975974	1139594	2016-06-03	1031	PRJNA271237	SAMN03273355
Treponema pallidum subsp. pallidum	syphilis treponeme	strain: UW189B	161	ASM165543v1	GCA_001655435.1	GenBank	From INSDC submitter	Chromosome	976208	1139829	2016-06-03	1031	PRJNA271237	SAMN03273356
Treponema pallidum subsp. pallidum	syphilis treponeme	strain: UW228B	161	ASM165547v1	GCA_001655475.1	GenBank	From INSDC submitter	Chromosome	976438	1140059	2016-06-03	1033	PRJNA271237	SAMN03273357
Treponema pallidum subsp. pallidum	syphilis treponeme	strain: UW254B	161	ASM165551v1	GCA_001655515.1	GenBank	From INSDC submitter	Chromosome	976241	1139865	2016-06-03	1032	PRJNA271237	SAMN03273358
Treponema pallidum subsp. pallidum	syphilis treponeme	strain: UW391B	161	ASM165555v1	GCA_001655555.1	GenBank	From INSDC submitter	Chromosome	976180	1139777	2016-06-03	1024	PRJNA271237	SAMN03273359
Treponema pallidum subsp. pallidum	syphilis treponeme	strain: PT_SIF0697	161	ASM171289v1	GCA_001712895.1	GenBank	From INSDC submitter	Chromosome	462511	1139168	2016-08-25	1034	PRJNA322283	SAMN05150260
Treponema pallidum subsp. pallidum	syphilis treponeme	strain: PT_SIF0857	161	ASM171291v1	GCA_001712915.1	GenBank	From INSDC submitter	Chromosome	676573	1139148	2016-08-25	1034	PRJNA322283	SAMN05173064
Treponema pallidum subsp. pallidum	syphilis treponeme	strain: PT_SIF0908	161	ASM171293v1	GCA_001712935.1	GenBank	From INSDC submitter	Chromosome	33752	1139067	2016-08-25	1025	PRJNA322283	SAMN05150354
Treponema pallidum subsp. pallidum	syphilis treponeme	strain: PT_SIF0954	161	ASM171295v1	GCA_001712955.1	GenBank	From INSDC submitter	Chromosome	676570	1139143	2016-08-25	1033	PRJNA322283	SAMN05150355
Treponema pallidum subsp. pallidum	syphilis treponeme	strain: PT_SIF1002	161	ASM171297v1	GCA_001712975.1	GenBank	From INSDC submitter	Chromosome	676554	1139126	2016-08-25	1032	PRJNA322283	SAMN05150356
Treponema pallidum subsp. pallidum	syphilis treponeme	strain: PT_SIF1020	161	ASM171299v1	GCA_001712995.1	GenBank	From INSDC submitter	Chromosome	676605	1139178	2016-08-25	1032	PRJNA322283	SAMN05150357
Treponema pallidum subsp. pallidum	syphilis treponeme	strain: PT_SIF1063	161	ASM171301v1	GCA_001713015.1	GenBank	From INSDC submitter	Chromosome	676571	1139145	2016-08-25	1034	PRJNA322283	SAMN05150358
Treponema pallidum subsp. pallidum	syphilis treponeme	strain: PT_SIF1127	161	ASM171303v1	GCA_001713035.1	GenBank	From INSDC submitter	Chromosome	73710	1138929	2016-08-25	1013	PRJNA322283	SAMN05150778
Treponema pallidum subsp. pallidum	syphilis treponeme	strain: PT_SIF1135	161	ASM171305v1	GCA_001713055.1	GenBank	From INSDC submitter	Chromosome	588841	1139184	2016-08-25	1035	PRJNA322283	SAMN05150382
Treponema pallidum subsp. pallidum	syphilis treponeme	strain: PT_SIF1140	161	ASM171307v1	GCA_001713075.1	GenBank	From INSDC submitter	Chromosome	16897	1139185	2016-08-25	1005	PRJNA322283	SAMN05150594
Treponema pallidum subsp. pallidum	syphilis treponeme	strain: PT_SIF1142	161	ASM171309v1	GCA_001713095.1	GenBank	From INSDC submitter	Chromosome	640570	1139159	2016-08-25	1034	PRJNA322283	SAMN05150624
Treponema pallidum subsp. pallidum	syphilis treponeme	strain: PT_SIF1156	161	ASM171311v1	GCA_001713115.1	GenBank	From INSDC submitter	Chromosome	676579	1139151	2016-08-25	1034	PRJNA322283	SAMN05150625
Treponema pallidum subsp. pallidum	syphilis treponeme	strain: PT_SIF1167	161	ASM171313v1	GCA_001713135.1	GenBank	From INSDC submitter	Chromosome	676559	1139129	2016-08-25	1034	PRJNA322283	SAMN05150626
Treponema pallidum subsp. pallidum	syphilis treponeme	strain: PT_SIF1183	161	ASM171315v1	GCA_001713155.1	GenBank	From INSDC submitter	Chromosome	676569	1139138	2016-08-25	1033	PRJNA322283	SAMN05150627
Treponema pallidum subsp. pallidum	syphilis treponeme	strain: PT_SIF1196	161	ASM171317v1	GCA_001713175.1	GenBank	From INSDC submitter	Chromosome	676578	1139146	2016-08-25	1036	PRJNA322283	SAMN05150628
Treponema pallidum subsp. pallidum	syphilis treponeme	strain: PT_SIF1200	161	ASM171319v1	GCA_001713195.1	GenBank	From INSDC submitter	Chromosome	676556	1139130	2016-08-25	1034	PRJNA322283	SAMN05150632
Treponema pallidum subsp. pallidum	syphilis treponeme	strain: PT_SIF1242	161	ASM171321v1	GCA_001713215.1	GenBank	From INSDC submitter	Chromosome	676549	1139123	2016-08-25	1033	PRJNA322283	SAMN05150648
Treponema pallidum subsp. pallidum	syphilis treponeme	strain: PT_SIF1252	161	ASM171323v1	GCA_001713235.1	GenBank	From INSDC submitter	Chromosome	676556	1139132	2016-08-25	1034	PRJNA322283	SAMN05150673
Treponema pallidum subsp. pallidum	syphilis treponeme	strain: PT_SIF1261	161	ASM171325v1	GCA_001713255.1	GenBank	From INSDC submitter	Chromosome	676554	1139131	2016-08-25	1033	PRJNA322283	SAMN05150674
Treponema pallidum subsp. pallidum	syphilis treponeme	strain: PT_SIF1278	161	ASM171327v1	GCA_001713275.1	GenBank	From INSDC submitter	Chromosome	676588	1139163	2016-08-25	1033	PRJNA322283	SAMN05150675
Treponema pallidum subsp. pallidum	syphilis treponeme	strain: PT_SIF1280	161	ASM171329v1	GCA_001713295.1	GenBank	From INSDC submitter	Chromosome	676566	1139135	2016-08-25	1033	PRJNA322283	SAMN05150676
Treponema pallidum subsp. pallidum	syphilis treponeme	strain: PT_SIF1299	161	ASM171331v1	GCA_001713315.1	GenBank	From INSDC submitter	Chromosome	676558	1139137	2016-08-25	1034	PRJNA322283	SAMN05150677
Treponema pallidum subsp. pallidum	syphilis treponeme	strain: PT_SIF1348	161	ASM171333v1	GCA_001713335.1	GenBank	From INSDC submitter	Chromosome	676583	1139158	2016-08-25	1031	PRJNA322283	SAMN05150777
Treponema pallidum subsp. pallidum	syphilis treponeme	strain: PT_SIF0751	161	ASM176151v1	GCA_001761515.1	GenBank	From INSDC submitter	Chromosome	676583	1139160	2016-10-13	1032	PRJNA322283	SAMN05150273
Treponema pallidum subsp. pallidum	syphilis treponeme	strain: PT_SIF0877_3	161	ASM176156v1	GCA_001761565.1	GenBank	From INSDC submitter	Chromosome	676561	1139139	2016-10-13	1033	PRJNA322283	SAMN05150353
Treponema pallidum subsp. pallidum	syphilis treponeme	strain: Seattle Nichols	161	ASM194154v1	GCA_001941545.1	GenBank	From INSDC submitter	Chromosome	976231	1139844	2017-01-10	1030	PRJNA271237	SAMN03273360
Treponema pallidum subsp. pertenue	yaws treponeme	strain: Ghana-051	168	ASM227119v1	GCA_002271195.1	GenBank	From INSDC submitter	Chromosome	976349	1139577	2017-08-28	1123	PRJNA378179	SAMN06480792
Treponema pallidum subsp. pertenue	yaws treponeme	strain: CDC 2575	168	ASM227123v1	GCA_002271235.1	GenBank	From INSDC submitter	Chromosome	976349	1139577	2017-08-28	1123	PRJNA378185	SAMN06480828
Treponema pallidum subsp. pallidum	syphilis treponeme	strain: UZ1974	161	ASM305598v1	GCA_003055985.1	GenBank	From INSDC submitter	Chromosome	975936	1139510	2018-04-18	1030	PRJNA445953	SAMN08803902
Treponema pallidum subsp. pertenue	yaws treponeme	strain: LMNP-1	168	ASM307657v1	GCA_003076575.1	GenBank	From INSDC submitter	Chromosome	976560	1139772	2018-05-01	1120	PRJNA343706	SAMN06841355
Treponema pallidum subsp. pertenue	yaws treponeme	strain: Kampung Dalan K363	168	ASM361129v1	GCA_003611295.1	GenBank	From INSDC submitter	Chromosome	976535	1139764	2018-10-03	1122	PRJNA412353	SAMN07709919
Treponema pallidum subsp. pertenue	yaws treponeme	strain: Sei Geringging K403	168	ASM361131v1	GCA_003611315.1	GenBank	From INSDC submitter	Chromosome	976243	1139464	2018-10-03	1123	PRJNA412353	SAMN07709936
Treponema pallidum subsp. pallidum	syphilis treponeme	strain: Haiti B	161	ASM362711v1	GCA_003627115.1	GenBank	From INSDC submitter	Chromosome	975989	1139526	2018-10-07	1069	PRJNA414170	SAMN07780978
Treponema pallidum subsp. pertenue	yaws treponeme	strain: CDC-1	168	ASM395280v1	GCA_003952805.1	GenBank	From INSDC submitter	Chromosome	976350	1139578	2018-12-18	1124	PRJNA416916	SAMN07967415
Treponema pallidum subsp. endemicum		strain: Iraq B	53436	ASM419449v1	GCA_004194495.1	GenBank	From INSDC submitter	Chromosome	974062	1137653	2019-02-14	1125	PRJNA428415	SAMN08290048
Treponema pallidum subsp. pallidum	syphilis treponeme	strain: CW88	161	ASM531104v1	GCA_005311045.1	GenBank	From INSDC submitter	Chromosome	975835	1139445	2019-05-14	1032	PRJNA508872	SAMN10534861
Treponema pallidum subsp. pallidum	syphilis treponeme	strain: CW86	161	ASM531106v1	GCA_005311065.1	GenBank	From INSDC submitter	Chromosome	676056	1139665	2019-05-14	1033	PRJNA508872	SAMN10534859
Treponema pallidum subsp. pallidum	syphilis treponeme	strain: CW83	161	ASM531108v1	GCA_005311085.1	GenBank	From INSDC submitter	Chromosome	976004	1139543	2019-05-14	1034	PRJNA508872	SAMN10534856
Treponema pallidum subsp. pallidum	syphilis treponeme	strain: CW82	161	ASM531110v1	GCA_005311105.1	GenBank	From INSDC submitter	Chromosome	976226	1139773	2019-05-14	1034	PRJNA508872	SAMN10534855
Treponema pallidum subsp. pallidum	syphilis treponeme	strain: CW65	161	ASM531112v1	GCA_005311125.1	GenBank	From INSDC submitter	Chromosome	975562	1139123	2019-05-14	1034	PRJNA508872	SAMN10534854
Treponema pallidum subsp. pallidum	syphilis treponeme	strain: CW56	161	ASM531114v1	GCA_005311145.1	GenBank	From INSDC submitter	Chromosome	975813	1139415	2019-05-14	1033	PRJNA508872	SAMN10534852
Treponema pallidum subsp. pallidum	syphilis treponeme	strain: CW30	161	ASM531116v1	GCA_005311165.1	GenBank	From INSDC submitter	Chromosome	975963	1139568	2019-05-14	1032	PRJNA508872	SAMN10534851
Treponema pallidum subsp. pallidum	syphilis treponeme	strain: CW85	161	ASM531118v1	GCA_005311185.1	GenBank	From INSDC submitter	Chromosome	975929	1139522	2019-05-14	1032	PRJNA508872	SAMN10534858
Treponema pallidum subsp. pallidum	syphilis treponeme	strain: CW84	161	ASM531120v1	GCA_005311205.1	GenBank	From INSDC submitter	Chromosome	975820	1139423	2019-05-14	1032	PRJNA508872	SAMN10534857
Treponema pallidum subsp. pallidum	syphilis treponeme	strain: CW59	161	ASM531144v1	GCA_005311445.1	GenBank	From INSDC submitter	Chromosome	975754	1139301	2019-05-14	1034	PRJNA508872	SAMN10534853
Treponema pallidum subsp. pallidum	syphilis treponeme	strain: CW87	161	ASM534148v1	GCA_005341485.1	GenBank	From INSDC submitter	Chromosome	646091	1139592	2019-05-14	1031	PRJNA508872	SAMN10534860
Treponema pallidum subsp. pallidum	syphilis treponeme	strain: Philadelphia 1	161	ASM540838v1	GCA_005408385.1	GenBank	From INSDC submitter	Chromosome	975980	1139569	2019-05-16	1033	PRJNA508872	SAMN10581167
Treponema pallidum subsp. pallidum	syphilis treponeme	strain: Grady	161	ASM540840v1	GCA_005408405.1	GenBank	From INSDC submitter	Chromosome	975485	1139058	2019-05-16	1033	PRJNA508872	SAMN10581168
Treponema pallidum subsp. pallidum	syphilis treponeme	strain: X-4	161	ASM588579v1	GCA_005885795.1	GenBank	From INSDC submitter	Complete Genome	1139838	1139838	2019-05-29	1069	PRJNA544173	SAMN11812273
Treponema pallidum		strain: UW-148B	160	ASM901743v1	GCA_009017435.1	GenBank	From INSDC submitter	Chromosome	975942	1139562	2019-10-13	1069	PRJNA534087	SAMN11476981
Treponema pallidum		strain: UW-148B2	160	ASM901747v1	GCA_009017475.1	GenBank	From INSDC submitter	Chromosome	975940	1139560	2019-10-13	1069	PRJNA534087	SAMN11476982
Treponema pallidum subsp. pallidum	syphilis treponeme	strain: SMUTp_01	161	ASM1523931v1	GCA_015239315.1	GenBank		Chromosome	299509	1139569	2020-11-05		PRJNA562373	SAMN12638753
Treponema pallidum subsp. pallidum	syphilis treponeme	strain: SMUTp_02	161	ASM1523933v1	GCA_015239335.1	GenBank		Chromosome	162413	1139569	2020-11-05		PRJNA562373	SAMN12638754
Treponema pallidum subsp. pallidum	syphilis treponeme	strain: SMUTp_04	161	ASM1523935v1	GCA_015239355.1	GenBank		Chromosome	299517	1139569	2020-11-05		PRJNA562373	SAMN12638756
Treponema pallidum subsp. pallidum	syphilis treponeme	strain: SMUTp_08	161	ASM1523937v1	GCA_015239375.1	GenBank		Chromosome	25249	1139569	2020-11-05		PRJNA562373	SAMN12638760
Treponema pallidum subsp. pallidum	syphilis treponeme	strain: SMUTp_09	161	ASM1523939v1	GCA_015239395.1	GenBank		Chromosome	10590	1139569	2020-11-05		PRJNA562373	SAMN12638761
Treponema pallidum subsp. pallidum	syphilis treponeme	strain: SMUTp_07	161	ASM1523941v1	GCA_015239415.1	GenBank		Chromosome	18443	1139633	2020-11-05		PRJNA562373	SAMN12638759
Treponema pallidum		strain: ItalyGE4b	160	ASM1819903v1	GCA_018199035.1	GenBank	From INSDC submitter	Chromosome	162408	1139582	2021-04-29	1033	PRJNA723099	SAMN18804914
Treponema pallidum		strain: ItalyAS23	160	ASM1819907v1	GCA_018199075.1	GenBank	From INSDC submitter	Chromosome	232958	1139569	2021-04-29	1033	PRJNA723099	SAMN18804913
Treponema pallidum		strain: ItalyAS14	160	ASM1819911v1	GCA_018199115.1	GenBank	From INSDC submitter	Chromosome	115480	1139568	2021-04-29	1035	PRJNA723099	SAMN18804911
Treponema pallidum		strain: Italy7CGx	160	ASM1819925v1	GCA_018199255.1	GenBank	From INSDC submitter	Chromosome	232955	1139574	2021-04-29	1033	PRJNA723099	SAMN18804909
Treponema pallidum		strain: Italy8PLe	160	ASM1819933v1	GCA_018199335.1	GenBank	From INSDC submitter	Chromosome	232956	1139524	2021-04-29	1034	PRJNA723099	SAMN18804910
Treponema pallidum		strain: Dublin58B	160	ASM1819937v1	GCA_018199375.1	GenBank	From INSDC submitter	Chromosome	232954	1139541	2021-04-29	1034	PRJNA723099	SAMN18804907
Treponema pallidum		strain: Italy17LGMi	160	ASM1819941v1	GCA_018199415.1	GenBank	From INSDC submitter	Chromosome	180806	1139662	2021-04-29	1035	PRJNA723099	SAMN18804908
Treponema pallidum		strain: Dublin57B	160	ASM1819943v1	GCA_018199435.1	GenBank	From INSDC submitter	Chromosome	232858	1139485	2021-04-29	1034	PRJNA723099	SAMN18804906
Treponema pallidum		strain: Dublin55B	160	ASM1819945v1	GCA_018199455.1	GenBank	From INSDC submitter	Chromosome	232957	1139569	2021-04-29	1034	PRJNA723099	SAMN18804905
Treponema pallidum		strain: Dublin54B	160	ASM1819947v1	GCA_018199475.1	GenBank	From INSDC submitter	Chromosome	232960	1139568	2021-04-29	1034	PRJNA723099	SAMN18804904
Treponema pallidum		strain: Dublin52B	160	ASM1819949v1	GCA_018199495.1	GenBank	From INSDC submitter	Chromosome	232949	1139566	2021-04-29	1036	PRJNA723099	SAMN18804903
Treponema pallidum		strain: Dublin41B	160	ASM1819951v1	GCA_018199515.1	GenBank	From INSDC submitter	Chromosome	232953	1139558	2021-04-29	1034	PRJNA723099	SAMN18804900
Treponema pallidum		strain: Dublin50B	160	ASM1819953v1	GCA_018199535.1	GenBank	From INSDC submitter	Chromosome	232958	1139571	2021-04-29	1035	PRJNA723099	SAMN18804902
Treponema pallidum		strain: Dublin46B	160	ASM1819955v1	GCA_018199555.1	GenBank	From INSDC submitter	Chromosome	232960	1139552	2021-04-29	1033	PRJNA723099	SAMN18804901
Treponema pallidum		strain: Dublin37B	160	ASM1819957v1	GCA_018199575.1	GenBank	From INSDC submitter	Chromosome	232957	1139569	2021-04-29	1034	PRJNA723099	SAMN18804899
Treponema pallidum		strain: Dublin24B	160	ASM1819959v1	GCA_018199595.1	GenBank	From INSDC submitter	Chromosome	102485	1139518	2021-04-29	1033	PRJNA723099	SAMN18804898
Treponema pallidum		strain: Dublin21Be	160	ASM1819961v1	GCA_018199615.1	GenBank	From INSDC submitter	Chromosome	180800	1139557	2021-04-29	1034	PRJNA723099	SAMN18804897
Treponema pallidum		strain: China48	160	ASM1819963v1	GCA_018199635.1	GenBank	From INSDC submitter	Chromosome	232956	1139550	2021-04-29	1035	PRJNA723099	SAMN18804896
Treponema pallidum		strain: China47	160	ASM1819973v1	GCA_018199735.1	GenBank	From INSDC submitter	Chromosome	232954	1139559	2021-04-29	1034	PRJNA723099	SAMN18804895
Treponema pallidum		strain: China44	160	ASM1819983v1	GCA_018199835.1	GenBank	From INSDC submitter	Chromosome	180796	1139496	2021-04-29	1034	PRJNA723099	SAMN18804894
Treponema pallidum		strain: China30	160	ASM1819987v1	GCA_018199875.1	GenBank	From INSDC submitter	Chromosome	232957	1139600	2021-04-29	1034	PRJNA723099	SAMN18804891
Treponema pallidum		strain: China42	160	ASM1819989v1	GCA_018199895.1	GenBank	From INSDC submitter	Chromosome	232958	1139561	2021-04-29	1034	PRJNA723099	SAMN18804893
Treponema pallidum		strain: China31	160	ASM1819991v1	GCA_018199915.1	GenBank	From INSDC submitter	Chromosome	232964	1139573	2021-04-29	1035	PRJNA723099	SAMN18804892
Treponema pallidum		strain: China23	160	ASM1819993v1	GCA_018199935.1	GenBank	From INSDC submitter	Chromosome	232954	1139542	2021-04-29	1034	PRJNA723099	SAMN18804890
Treponema pallidum		strain: UAB6xi	160	ASM1820005v1	GCA_018200055.1	GenBank	From INSDC submitter	Chromosome	180801	1139535	2021-04-29	1035	PRJNA723099	SAMN18805079
Treponema pallidum		strain: UAB515xi	160	ASM1820007v1	GCA_018200075.1	GenBank	From INSDC submitter	Chromosome	172975	1139507	2021-04-29	1034	PRJNA723099	SAMN18805048
Treponema pallidum		strain: UAB522x	160	ASM1820009v1	GCA_018200095.1	GenBank	From INSDC submitter	Chromosome	36580	1139433	2021-04-29	1036	PRJNA723099	SAMN18805051
Treponema pallidum		strain: UAB523x	160	ASM1820011v1	GCA_018200115.1	GenBank	From INSDC submitter	Chromosome	172961	1139447	2021-04-29	1033	PRJNA723099	SAMN18805052
Treponema pallidum		strain: UAB89xi	160	ASM1820013v1	GCA_018200135.1	GenBank	From INSDC submitter	Chromosome	162404	1139639	2021-04-29	1036	PRJNA723099	SAMN18805084
Treponema pallidum		strain: UAB75	160	ASM1820015v1	GCA_018200155.1	GenBank	From INSDC submitter	Chromosome	180804	1139533	2021-04-29	1034	PRJNA723099	SAMN18805081
Treponema pallidum		strain: UAB81xi	160	ASM1820017v1	GCA_018200175.1	GenBank	From INSDC submitter	Chromosome	172987	1139647	2021-04-29	1034	PRJNA723099	SAMN18805083
Treponema pallidum		strain: UAB76xei	160	ASM1820019v1	GCA_018200195.1	GenBank	From INSDC submitter	Chromosome	75103	1139518	2021-04-29	1035	PRJNA723099	SAMN18805082
Treponema pallidum		strain: UAB516xi	160	ASM1820035v1	GCA_018200355.1	GenBank	From INSDC submitter	Chromosome	180803	1139612	2021-04-29	1034	PRJNA723099	SAMN18805049
Treponema pallidum		strain: UAB71i	160	ASM1820037v1	GCA_018200375.1	GenBank	From INSDC submitter	Chromosome	180803	1139563	2021-04-29	1034	PRJNA723099	SAMN18805080
Treponema pallidum		strain: UAB69i	160	ASM1820044v1	GCA_018200445.1	GenBank	From INSDC submitter	Chromosome	232980	1139517	2021-04-29	1035	PRJNA723099	SAMN18805078
Treponema pallidum		strain: UAB521xi	160	ASM1820053v1	GCA_018200535.1	GenBank	From INSDC submitter	Chromosome	180805	1139611	2021-04-29	1035	PRJNA723099	SAMN18805050
Treponema pallidum		strain: UAB67xi	160	ASM1820063v1	GCA_018200635.1	GenBank	From INSDC submitter	Chromosome	172979	1139622	2021-04-29	1039	PRJNA723099	SAMN18805077
Treponema pallidum		strain: Japan360x	160	ASM1820067v1	GCA_018200675.1	GenBank	From INSDC submitter	Chromosome	35167	1139536	2021-04-29	1034	PRJNA723099	SAMN18804969
Treponema pallidum		strain: UAB62i	160	ASM1820079v1	GCA_018200795.1	GenBank	From INSDC submitter	Chromosome	180802	1139543	2021-04-29	1035	PRJNA723099	SAMN18805076
Treponema pallidum		strain: UAB61xei	160	ASM1820087v1	GCA_018200875.1	GenBank	From INSDC submitter	Chromosome	12413	1139541	2021-04-29	1034	PRJNA723099	SAMN18805075
Treponema pallidum		strain: UAB60i	160	ASM1820093v1	GCA_018200935.1	GenBank	From INSDC submitter	Chromosome	180804	1139483	2021-04-29	1035	PRJNA723099	SAMN18805074
Treponema pallidum		strain: UAB554xi	160	ASM1820097v1	GCA_018200975.1	GenBank	From INSDC submitter	Chromosome	175065	1139565	2021-04-29	1033	PRJNA723099	SAMN18805073
Treponema pallidum		strain: UAB552x	160	ASM1820111v1	GCA_018201115.1	GenBank	From INSDC submitter	Chromosome	172971	1139561	2021-04-29	1034	PRJNA723099	SAMN18805071
Treponema pallidum		strain: UAB553xei	160	ASM1820119v1	GCA_018201195.1	GenBank	From INSDC submitter	Chromosome	172966	1139549	2021-04-29	1037	PRJNA723099	SAMN18805072
Treponema pallidum		strain: UAB218i	160	ASM1820121v1	GCA_018201215.1	GenBank	From INSDC submitter	Chromosome	172970	1139573	2021-04-29	1033	PRJNA723099	SAMN18805020
Treponema pallidum		strain: UAB237	160	ASM1820123v1	GCA_018201235.1	GenBank	From INSDC submitter	Chromosome	162430	1139431	2021-04-29	1038	PRJNA723099	SAMN18805024
Treponema pallidum		strain: UAB231i	160	ASM1820125v1	GCA_018201255.1	GenBank	From INSDC submitter	Chromosome	180797	1139644	2021-04-29	1034	PRJNA723099	SAMN18805022
Treponema pallidum		strain: UAB229xe	160	ASM1820127v1	GCA_018201275.1	GenBank	From INSDC submitter	Chromosome	172956	1139543	2021-04-29	1035	PRJNA723099	SAMN18805021
Treponema pallidum		strain: UAB551xi	160	ASM1820129v1	GCA_018201295.1	GenBank	From INSDC submitter	Chromosome	172966	1139517	2021-04-29	1035	PRJNA723099	SAMN18805070
Treponema pallidum		strain: UAB54xi	160	ASM1820131v1	GCA_018201315.1	GenBank	From INSDC submitter	Chromosome	172942	1139628	2021-04-29	1039	PRJNA723099	SAMN18805069
Treponema pallidum		strain: UAB549xe	160	ASM1820133v1	GCA_018201335.1	GenBank	From INSDC submitter	Chromosome	162400	1139745	2021-04-29	1035	PRJNA723099	SAMN18805068
Treponema pallidum		strain: UAB546i	160	ASM1820135v1	GCA_018201355.1	GenBank	From INSDC submitter	Chromosome	180800	1139648	2021-04-29	1034	PRJNA723099	SAMN18805066
Treponema pallidum		strain: UAB547xei	160	ASM1820137v1	GCA_018201375.1	GenBank	From INSDC submitter	Chromosome	162415	1139526	2021-04-29	1034	PRJNA723099	SAMN18805067
Treponema pallidum		strain: UAB538xi	160	ASM1820139v1	GCA_018201395.1	GenBank	From INSDC submitter	Chromosome	162412	1139581	2021-04-29	1034	PRJNA723099	SAMN18805064
Treponema pallidum		strain: UAB236i	160	ASM1820147v1	GCA_018201475.1	GenBank	From INSDC submitter	Chromosome	233039	1139639	2021-04-29	1034	PRJNA723099	SAMN18805023
Treponema pallidum		strain: UAB545ei	160	ASM1820161v1	GCA_018201615.1	GenBank	From INSDC submitter	Chromosome	136927	1139555	2021-04-29	1035	PRJNA723099	SAMN18805065
Treponema pallidum		strain: UAB534xi	160	ASM1820175v1	GCA_018201755.1	GenBank	From INSDC submitter	Chromosome	180805	1139524	2021-04-29	1035	PRJNA723099	SAMN18805062
Treponema pallidum		strain: UAB535i	160	ASM1820179v1	GCA_018201795.1	GenBank	From INSDC submitter	Chromosome	172989	1139656	2021-04-29	1034	PRJNA723099	SAMN18805063
Treponema pallidum		strain: PeruC40020xe	160	ASM1820189v1	GCA_018201895.1	GenBank	From INSDC submitter	Chromosome	16193	1139401	2021-04-29	1036	PRJNA723099	SAMN18804997
Treponema pallidum		strain: PeruB20010x	160	ASM1820191v1	GCA_018201915.1	GenBank	From INSDC submitter	Chromosome	180798	1139579	2021-04-29	1034	PRJNA723099	SAMN18804994
Treponema pallidum		strain: UAB531i	160	ASM1820203v1	GCA_018202035.1	GenBank	From INSDC submitter	Chromosome	172970	1139401	2021-04-29	1034	PRJNA723099	SAMN18805059
Treponema pallidum		strain: UAB533i	160	ASM1820215v1	GCA_018202155.1	GenBank	From INSDC submitter	Chromosome	232978	1139515	2021-04-29	1034	PRJNA723099	SAMN18805061
Treponema pallidum		strain: UAB532xi	160	ASM1820217v1	GCA_018202175.1	GenBank	From INSDC submitter	Chromosome	233042	1139642	2021-04-29	1033	PRJNA723099	SAMN18805060
Treponema pallidum		strain: UAB530i	160	ASM1820219v1	GCA_018202195.1	GenBank	From INSDC submitter	Chromosome	162410	1139649	2021-04-29	1033	PRJNA723099	SAMN18805058
Treponema pallidum		strain: PeruC10050xe	160	ASM1820221v1	GCA_018202215.1	GenBank	From INSDC submitter	Chromosome	19084	1139549	2021-04-29	1036	PRJNA723099	SAMN18804996
Treponema pallidum		strain: UAB52xi	160	ASM1820223v1	GCA_018202235.1	GenBank	From INSDC submitter	Chromosome	52203	1139480	2021-04-29	1035	PRJNA723099	SAMN18805057
Treponema pallidum		strain: Japan356	160	ASM1820225v1	GCA_018202255.1	GenBank	From INSDC submitter	Chromosome	232960	1139556	2021-04-29	1035	PRJNA723099	SAMN18804966
Treponema pallidum		strain: UAB529i	160	ASM1820227v1	GCA_018202275.1	GenBank	From INSDC submitter	Chromosome	172988	1139574	2021-04-29	1035	PRJNA723099	SAMN18805056
Treponema pallidum		strain: UAB526xi	160	ASM1820229v1	GCA_018202295.1	GenBank	From INSDC submitter	Chromosome	162356	1139448	2021-04-29	1035	PRJNA723099	SAMN18805054
Treponema pallidum		strain: Japan357	160	ASM1820231v1	GCA_018202315.1	GenBank	From INSDC submitter	Chromosome	232960	1139561	2021-04-29	1035	PRJNA723099	SAMN18804967
Treponema pallidum		strain: UAB525xe	160	ASM1820251v1	GCA_018202515.1	GenBank	From INSDC submitter	Chromosome	79233	1139427	2021-04-29	1033	PRJNA723099	SAMN18805053
Treponema pallidum		strain: Japan361	160	ASM1820253v1	GCA_018202535.1	GenBank	From INSDC submitter	Chromosome	232957	1139566	2021-04-29	1036	PRJNA723099	SAMN18804970
Treponema pallidum		strain: UAB512x	160	ASM1820255v1	GCA_018202555.1	GenBank	From INSDC submitter	Chromosome	162399	1139517	2021-04-29	1034	PRJNA723099	SAMN18805047
Treponema pallidum		strain: Japan358	160	ASM1820257v1	GCA_018202575.1	GenBank	From INSDC submitter	Chromosome	232955	1139564	2021-04-29	1033	PRJNA723099	SAMN18804968
Treponema pallidum		strain: UAB509ei	160	ASM1820259v1	GCA_018202595.1	GenBank	From INSDC submitter	Chromosome	233037	1139653	2021-04-29	1035	PRJNA723099	SAMN18805044
Treponema pallidum		strain: UAB511xi	160	ASM1820261v1	GCA_018202615.1	GenBank	From INSDC submitter	Chromosome	172967	1139579	2021-04-29	1035	PRJNA723099	SAMN18805046
Treponema pallidum		strain: China11	160	ASM1820263v1	GCA_018202635.1	GenBank	From INSDC submitter	Chromosome	232956	1139532	2021-04-29	1033	PRJNA723099	SAMN18804889
Treponema pallidum		strain: UAB510i	160	ASM1820265v1	GCA_018202655.1	GenBank	From INSDC submitter	Chromosome	232979	1139533	2021-04-29	1035	PRJNA723099	SAMN18805045
Treponema pallidum		strain: UAB508	160	ASM1820267v1	GCA_018202675.1	GenBank	From INSDC submitter	Chromosome	180804	1139399	2021-04-29	1035	PRJNA723099	SAMN18805043
Treponema pallidum		strain: Japan319	160	ASM1820269v1	GCA_018202695.1	GenBank	From INSDC submitter	Chromosome	232957	1139565	2021-04-29	1035	PRJNA723099	SAMN18804941
Treponema pallidum		strain: UAB507ei	160	ASM1820271v1	GCA_018202715.1	GenBank	From INSDC submitter	Chromosome	232979	1139518	2021-04-29	1034	PRJNA723099	SAMN18805042
Treponema pallidum		strain: UAB505ei	160	ASM1820273v1	GCA_018202735.1	GenBank	From INSDC submitter	Chromosome	232979	1139515	2021-04-29	1035	PRJNA723099	SAMN18805041
Treponema pallidum		strain: Japan317xi	160	ASM1820275v1	GCA_018202755.1	GenBank	From INSDC submitter	Chromosome	180806	1139614	2021-04-29	1033	PRJNA723099	SAMN18804939
Treponema pallidum		strain: UAB504xi	160	ASM1820277v1	GCA_018202775.1	GenBank	From INSDC submitter	Chromosome	172971	1139497	2021-04-29	1034	PRJNA723099	SAMN18805040
Treponema pallidum		strain: UAB503i	160	ASM1820279v1	GCA_018202795.1	GenBank	From INSDC submitter	Chromosome	172975	1139484	2021-04-29	1037	PRJNA723099	SAMN18805039
Treponema pallidum		strain: UAB501	160	ASM1820281v1	GCA_018202815.1	GenBank	From INSDC submitter	Chromosome	180802	1139425	2021-04-29	1035	PRJNA723099	SAMN18805038
Treponema pallidum		strain: UAB49xi	160	ASM1820283v1	GCA_018202835.1	GenBank	From INSDC submitter	Chromosome	48360	1139555	2021-04-29	1037	PRJNA723099	SAMN18805037
Treponema pallidum		strain: UAB46xei	160	ASM1820285v1	GCA_018202855.1	GenBank	From INSDC submitter	Chromosome	10331	1139466	2021-04-29	1028	PRJNA723099	SAMN18805036
Treponema pallidum		strain: UAB40xi	160	ASM1820287v1	GCA_018202875.1	GenBank	From INSDC submitter	Chromosome	172988	1139581	2021-04-29	1036	PRJNA723099	SAMN18805034
Treponema pallidum		strain: UAB44xi	160	ASM1820289v1	GCA_018202895.1	GenBank	From INSDC submitter	Chromosome	180804	1139596	2021-04-29	1035	PRJNA723099	SAMN18805035
Treponema pallidum		strain: ItalyGE5b	160	ASM1820291v1	GCA_018202915.1	GenBank	From INSDC submitter	Chromosome	180805	1139542	2021-04-29	1036	PRJNA723099	SAMN18804916
Treponema pallidum		strain: Japan318	160	ASM1820293v1	GCA_018202935.1	GenBank	From INSDC submitter	Chromosome	232959	1139558	2021-04-29	1034	PRJNA723099	SAMN18804940
Treponema pallidum		strain: UAB38xi	160	ASM1820295v1	GCA_018202955.1	GenBank	From INSDC submitter	Chromosome	232975	1139615	2021-04-29	1032	PRJNA723099	SAMN18805033
Treponema pallidum		strain: Japan316x	160	ASM1820297v1	GCA_018202975.1	GenBank	From INSDC submitter	Chromosome	162410	1139494	2021-04-29	1040	PRJNA723099	SAMN18804938
Treponema pallidum		strain: UAB28xi	160	ASM1820299v1	GCA_018202995.1	GenBank	From INSDC submitter	Chromosome	233029	1139572	2021-04-29	1035	PRJNA723099	SAMN18805032
Treponema pallidum		strain: ItalyGE6	160	ASM1820301v1	GCA_018203015.1	GenBank	From INSDC submitter	Chromosome	232951	1139586	2021-04-29	1035	PRJNA723099	SAMN18804917
Treponema pallidum		strain: UAB278i	160	ASM1820303v1	GCA_018203035.1	GenBank	From INSDC submitter	Chromosome	180802	1139510	2021-04-29	1034	PRJNA723099	SAMN18805031
Treponema pallidum		strain: UAB276i	160	ASM1820305v1	GCA_018203055.1	GenBank	From INSDC submitter	Chromosome	180805	1139506	2021-04-29	1036	PRJNA723099	SAMN18805030
Treponema pallidum		strain: UAB275i	160	ASM1820307v1	GCA_018203075.1	GenBank	From INSDC submitter	Chromosome	180801	1139518	2021-04-29	1033	PRJNA723099	SAMN18805029
Treponema pallidum		strain: UAB267i	160	ASM1820309v1	GCA_018203095.1	GenBank	From INSDC submitter	Chromosome	180803	1139504	2021-04-29	1034	PRJNA723099	SAMN18805027
Treponema pallidum		strain: UAB268xi	160	ASM1820311v1	GCA_018203115.1	GenBank	From INSDC submitter	Chromosome	180804	1139521	2021-04-29	1034	PRJNA723099	SAMN18805028
Treponema pallidum		strain: ItalyGE5a	160	ASM1820313v1	GCA_018203135.1	GenBank	From INSDC submitter	Chromosome	232956	1139591	2021-04-29	1034	PRJNA723099	SAMN18804915
Treponema pallidum		strain: UAB266i	160	ASM1820315v1	GCA_018203155.1	GenBank	From INSDC submitter	Chromosome	180801	1139499	2021-04-29	1035	PRJNA723099	SAMN18805026
Treponema pallidum		strain: UAB263xi	160	ASM1820317v1	GCA_018203175.1	GenBank	From INSDC submitter	Chromosome	180804	1139520	2021-04-29	1034	PRJNA723099	SAMN18805025
Treponema pallidum		strain: UAB216i	160	ASM1820319v1	GCA_018203195.1	GenBank	From INSDC submitter	Chromosome	172996	1139581	2021-04-29	1035	PRJNA723099	SAMN18805019
Treponema pallidum		strain: UAB211i	160	ASM1820321v1	GCA_018203215.1	GenBank	From INSDC submitter	Chromosome	172965	1139561	2021-04-29	1035	PRJNA723099	SAMN18805018
Treponema pallidum		strain: UAB204xe	160	ASM1820323v1	GCA_018203235.1	GenBank	From INSDC submitter	Chromosome	12318	1139447	2021-04-29	1037	PRJNA723099	SAMN18805017
Treponema pallidum		strain: UAB203i	160	ASM1820325v1	GCA_018203255.1	GenBank	From INSDC submitter	Chromosome	180802	1139644	2021-04-29	1034	PRJNA723099	SAMN18805016
Treponema pallidum		strain: UAB202xi	160	ASM1820327v1	GCA_018203275.1	GenBank	From INSDC submitter	Chromosome	180800	1139649	2021-04-29	1035	PRJNA723099	SAMN18805015
Treponema pallidum		strain: UAB197i	160	ASM1820329v1	GCA_018203295.1	GenBank	From INSDC submitter	Chromosome	233039	1139659	2021-04-29	1034	PRJNA723099	SAMN18805014
Treponema pallidum		strain: UAB195xi	160	ASM1820331v1	GCA_018203315.1	GenBank	From INSDC submitter	Chromosome	172969	1139643	2021-04-29	1034	PRJNA723099	SAMN18805013
Treponema pallidum		strain: UAB194xi	160	ASM1820333v1	GCA_018203335.1	GenBank	From INSDC submitter	Chromosome	172980	1139665	2021-04-29	1034	PRJNA723099	SAMN18805012
Treponema pallidum		strain: UAB193i	160	ASM1820335v1	GCA_018203355.1	GenBank	From INSDC submitter	Chromosome	233039	1139660	2021-04-29	1032	PRJNA723099	SAMN18805011
Treponema pallidum		strain: UAB17x	160	ASM1820337v1	GCA_018203375.1	GenBank	From INSDC submitter	Chromosome	232914	1139548	2021-04-29	1034	PRJNA723099	SAMN18805009
Treponema pallidum		strain: UAB191xei	160	ASM1820339v1	GCA_018203395.1	GenBank	From INSDC submitter	Chromosome	180804	1139505	2021-04-29	1035	PRJNA723099	SAMN18805010
Treponema pallidum		strain: UAB16xi	160	ASM1820341v1	GCA_018203415.1	GenBank	From INSDC submitter	Chromosome	172965	1139549	2021-04-29	1033	PRJNA723099	SAMN18805007
Treponema pallidum		strain: UAB167xei	160	ASM1820343v1	GCA_018203435.1	GenBank	From INSDC submitter	Chromosome	36580	1139545	2021-04-29	1035	PRJNA723099	SAMN18805006
Treponema pallidum		strain: UAB178ei	160	ASM1820345v1	GCA_018203455.1	GenBank	From INSDC submitter	Chromosome	11964	1139451	2021-04-29	1038	PRJNA723099	SAMN18805008
Treponema pallidum		strain: UAB166xe	160	ASM1820347v1	GCA_018203475.1	GenBank	From INSDC submitter	Chromosome	162431	1139488	2021-04-29	1040	PRJNA723099	SAMN18805005
Treponema pallidum		strain: UAB164xei	160	ASM1820349v1	GCA_018203495.1	GenBank	From INSDC submitter	Chromosome	66626	1139458	2021-04-29	1037	PRJNA723099	SAMN18805003
Treponema pallidum		strain: UAB165xi	160	ASM1820351v1	GCA_018203515.1	GenBank	From INSDC submitter	Chromosome	162362	1139596	2021-04-29	1034	PRJNA723099	SAMN18805004
Treponema pallidum		strain: UAB160xe	160	ASM1820353v1	GCA_018203535.1	GenBank	From INSDC submitter	Chromosome	180806	1139553	2021-04-29	1034	PRJNA723099	SAMN18805001
Treponema pallidum		strain: UAB162xi	160	ASM1820355v1	GCA_018203555.1	GenBank	From INSDC submitter	Chromosome	172968	1139633	2021-04-29	1034	PRJNA723099	SAMN18805002
Treponema pallidum		strain: Tube7Lihire	160	ASM1820357v1	GCA_018203575.1	GenBank	From INSDC submitter	Chromosome	162040	1140102	2021-04-29	1036	PRJNA723099	SAMN18804999
Treponema pallidum		strain: UAB12xi	160	ASM1820359v1	GCA_018203595.1	GenBank	From INSDC submitter	Chromosome	172978	1139648	2021-04-29	1034	PRJNA723099	SAMN18805000
Treponema pallidum		strain: PeruC40040x	160	ASM1820361v1	GCA_018203615.1	GenBank	From INSDC submitter	Chromosome	180799	1139555	2021-04-29	1035	PRJNA723099	SAMN18804998
Treponema pallidum		strain: PeruC10010x	160	ASM1820363v1	GCA_018203635.1	GenBank	From INSDC submitter	Chromosome	232954	1139533	2021-04-29	1034	PRJNA723099	SAMN18804995
Treponema pallidum		strain: Peru214361x	160	ASM1820365v1	GCA_018203655.1	GenBank	From INSDC submitter	Chromosome	82427	1139513	2021-04-29	1032	PRJNA723099	SAMN18804992
Treponema pallidum		strain: Peru213041xe	160	ASM1820367v1	GCA_018203675.1	GenBank	From INSDC submitter	Chromosome	19554	1139307	2021-04-29	1036	PRJNA723099	SAMN18804990
Treponema pallidum		strain: Peru214601x	160	ASM1820369v1	GCA_018203695.1	GenBank	From INSDC submitter	Chromosome	180800	1139556	2021-04-29	1033	PRJNA723099	SAMN18804993
Treponema pallidum		strain: Peru213161xe	160	ASM1820371v1	GCA_018203715.1	GenBank	From INSDC submitter	Chromosome	100294	1139562	2021-04-29	1033	PRJNA723099	SAMN18804991
Treponema pallidum		strain: MD57x	160	ASM1820373v1	GCA_018203735.1	GenBank	From INSDC submitter	Chromosome	232954	1139583	2021-04-29	1035	PRJNA723099	SAMN18804989
Treponema pallidum		strain: MD530xe	160	ASM1820375v1	GCA_018203755.1	GenBank	From INSDC submitter	Chromosome	232955	1139610	2021-04-29	1034	PRJNA723099	SAMN18804987
Treponema pallidum		strain: MD536x	160	ASM1820377v1	GCA_018203775.1	GenBank	From INSDC submitter	Chromosome	232955	1139581	2021-04-29	1034	PRJNA723099	SAMN18804988
Treponema pallidum		strain: MD521B	160	ASM1820379v1	GCA_018203795.1	GenBank	From INSDC submitter	Chromosome	232948	1139533	2021-04-29	1033	PRJNA723099	SAMN18804986
Treponema pallidum		strain: MD51x	160	ASM1820381v1	GCA_018203815.1	GenBank	From INSDC submitter	Chromosome	232954	1139586	2021-04-29	1034	PRJNA723099	SAMN18804985
Treponema pallidum		strain: MD507x	160	ASM1820383v1	GCA_018203835.1	GenBank	From INSDC submitter	Chromosome	232953	1139585	2021-04-29	1034	PRJNA723099	SAMN18804984
Treponema pallidum		strain: MD26x	160	ASM1820385v1	GCA_018203855.1	GenBank	From INSDC submitter	Chromosome	232955	1139580	2021-04-29	1032	PRJNA723099	SAMN18804983
Treponema pallidum		strain: MD25x	160	ASM1820387v1	GCA_018203875.1	GenBank	From INSDC submitter	Chromosome	180798	1139549	2021-04-29	1034	PRJNA723099	SAMN18804982
Treponema pallidum		strain: MD24xe	160	ASM1820389v1	GCA_018203895.1	GenBank	From INSDC submitter	Chromosome	232955	1139564	2021-04-29	1034	PRJNA723099	SAMN18804981
Treponema pallidum		strain: MD22xe	160	ASM1820391v1	GCA_018203915.1	GenBank	From INSDC submitter	Chromosome	180797	1139437	2021-04-29	1033	PRJNA723099	SAMN18804980
Treponema pallidum		strain: MD20B	160	ASM1820393v1	GCA_018203935.1	GenBank	From INSDC submitter	Chromosome	232954	1139579	2021-04-29	1033	PRJNA723099	SAMN18804979
Treponema pallidum		strain: MD18Be	160	ASM1820395v1	GCA_018203955.1	GenBank	From INSDC submitter	Chromosome	31845	1138968	2021-04-29	1032	PRJNA723099	SAMN18804978
Treponema pallidum		strain: MD16x	160	ASM1820397v1	GCA_018203975.1	GenBank	From INSDC submitter	Chromosome	232956	1139550	2021-04-29	1034	PRJNA723099	SAMN18804977
Treponema pallidum		strain: MD09B	160	ASM1820399v1	GCA_018203995.1	GenBank	From INSDC submitter	Chromosome	180797	1139573	2021-04-29	1034	PRJNA723099	SAMN18804976
Treponema pallidum		strain: MD06B	160	ASM1820401v1	GCA_018204015.1	GenBank	From INSDC submitter	Chromosome	232952	1139467	2021-04-29	1034	PRJNA723099	SAMN18804975
Treponema pallidum		strain: Japan368i	160	ASM1820403v1	GCA_018204035.1	GenBank	From INSDC submitter	Chromosome	180805	1139587	2021-04-29	1034	PRJNA723099	SAMN18804974
Treponema pallidum		strain: Japan365x	160	ASM1820405v1	GCA_018204055.1	GenBank	From INSDC submitter	Chromosome	180798	1139595	2021-04-29	1034	PRJNA723099	SAMN18804973
Treponema pallidum		strain: Japan362x	160	ASM1820407v1	GCA_018204075.1	GenBank	From INSDC submitter	Chromosome	232950	1139548	2021-04-29	1035	PRJNA723099	SAMN18804971
Treponema pallidum		strain: Japan364	160	ASM1820409v1	GCA_018204095.1	GenBank	From INSDC submitter	Chromosome	180793	1139559	2021-04-29	1034	PRJNA723099	SAMN18804972
Treponema pallidum		strain: Japan354x	160	ASM1820411v1	GCA_018204115.1	GenBank	From INSDC submitter	Chromosome	232958	1139588	2021-04-29	1035	PRJNA723099	SAMN18804964
Treponema pallidum		strain: Japan355	160	ASM1820413v1	GCA_018204135.1	GenBank	From INSDC submitter	Chromosome	232960	1139586	2021-04-29	1035	PRJNA723099	SAMN18804965
Treponema pallidum		strain: Japan352xe	160	ASM1820415v1	GCA_018204155.1	GenBank	From INSDC submitter	Chromosome	232954	1139557	2021-04-29	1034	PRJNA723099	SAMN18804963
Treponema pallidum		strain: Japan351	160	ASM1820417v1	GCA_018204175.1	GenBank	From INSDC submitter	Chromosome	232959	1139578	2021-04-29	1040	PRJNA723099	SAMN18804962
Treponema pallidum		strain: Japan349	160	ASM1820419v1	GCA_018204195.1	GenBank	From INSDC submitter	Chromosome	232956	1139553	2021-04-29	1035	PRJNA723099	SAMN18804961
Treponema pallidum		strain: Japan346e	160	ASM1820421v1	GCA_018204215.1	GenBank	From INSDC submitter	Chromosome	162421	1140099	2021-04-29	1037	PRJNA723099	SAMN18804959
Treponema pallidum		strain: Japan348	160	ASM1820423v1	GCA_018204235.1	GenBank	From INSDC submitter	Chromosome	180799	1139582	2021-04-29	1039	PRJNA723099	SAMN18804960
Treponema pallidum		strain: Japan344e	160	ASM1820425v1	GCA_018204255.1	GenBank	From INSDC submitter	Chromosome	180798	1139582	2021-04-29	1035	PRJNA723099	SAMN18804957
Treponema pallidum		strain: Japan337	160	ASM1820427v1	GCA_018204275.1	GenBank	From INSDC submitter	Chromosome	232951	1139551	2021-04-29	1039	PRJNA723099	SAMN18804952
Treponema pallidum		strain: Japan343	160	ASM1820429v1	GCA_018204295.1	GenBank	From INSDC submitter	Chromosome	232957	1139620	2021-04-29	1035	PRJNA723099	SAMN18804956
Treponema pallidum		strain: Japan345	160	ASM1820431v1	GCA_018204315.1	GenBank	From INSDC submitter	Chromosome	232954	1139573	2021-04-29	1034	PRJNA723099	SAMN18804958
Treponema pallidum		strain: Japan342e	160	ASM1820433v1	GCA_018204335.1	GenBank	From INSDC submitter	Chromosome	232956	1139568	2021-04-29	1034	PRJNA723099	SAMN18804955
Treponema pallidum		strain: Japan338xei	160	ASM1820435v1	GCA_018204355.1	GenBank	From INSDC submitter	Chromosome	172965	1139599	2021-04-29	1035	PRJNA723099	SAMN18804953
Treponema pallidum		strain: Japan339	160	ASM1820437v1	GCA_018204375.1	GenBank	From INSDC submitter	Chromosome	232959	1139548	2021-04-29	1034	PRJNA723099	SAMN18804954
Treponema pallidum		strain: Japan332	160	ASM1820439v1	GCA_018204395.1	GenBank	From INSDC submitter	Chromosome	232960	1139582	2021-04-29	1035	PRJNA723099	SAMN18804951
Treponema pallidum		strain: Japan329	160	ASM1820441v1	GCA_018204415.1	GenBank	From INSDC submitter	Chromosome	232954	1139557	2021-04-29	1035	PRJNA723099	SAMN18804949
Treponema pallidum		strain: Japan331	160	ASM1820449v1	GCA_018204495.1	GenBank	From INSDC submitter	Chromosome	232958	1139565	2021-04-29	1034	PRJNA723099	SAMN18804950
Treponema pallidum		strain: Japan328x	160	ASM1820459v1	GCA_018204595.1	GenBank	From INSDC submitter	Chromosome	180797	1139590	2021-04-29	1035	PRJNA723099	SAMN18804948
Treponema pallidum		strain: Japan325xe	160	ASM1820475v1	GCA_018204755.1	GenBank	From INSDC submitter	Chromosome	12356	1139542	2021-04-29	1037	PRJNA723099	SAMN18804946
Treponema pallidum		strain: Japan326e	160	ASM1820483v1	GCA_018204835.1	GenBank	From INSDC submitter	Chromosome	172842	1140065	2021-04-29	1036	PRJNA723099	SAMN18804947
Treponema pallidum		strain: Japan324x	160	ASM1820493v1	GCA_018204935.1	GenBank	From INSDC submitter	Chromosome	153013	1139436	2021-04-29	1037	PRJNA723099	SAMN18804945
Treponema pallidum		strain: Japan323x	160	ASM1820497v1	GCA_018204975.1	GenBank	From INSDC submitter	Chromosome	232954	1139520	2021-04-29	1034	PRJNA723099	SAMN18804944
Treponema pallidum		strain: Japan322e	160	ASM1820509v1	GCA_018205095.1	GenBank	From INSDC submitter	Chromosome	162431	1140042	2021-04-29	1035	PRJNA723099	SAMN18804943
Treponema pallidum		strain: Japan320e	160	ASM1820517v1	GCA_018205175.1	GenBank	From INSDC submitter	Chromosome	162419	1140085	2021-04-29	1038	PRJNA723099	SAMN18804942
Treponema pallidum		strain: Japan314	160	ASM1820521v1	GCA_018205215.1	GenBank	From INSDC submitter	Chromosome	232957	1139574	2021-04-29	1034	PRJNA723099	SAMN18804937
Treponema pallidum		strain: Japan312xe	160	ASM1820523v1	GCA_018205235.1	GenBank	From INSDC submitter	Chromosome	162408	1139546	2021-04-29	1034	PRJNA723099	SAMN18804935
Treponema pallidum		strain: Japan313x	160	ASM1820525v1	GCA_018205255.1	GenBank	From INSDC submitter	Chromosome	232959	1139591	2021-04-29	1035	PRJNA723099	SAMN18804936
Treponema pallidum		strain: Japan309x	160	ASM1820527v1	GCA_018205275.1	GenBank	From INSDC submitter	Chromosome	232952	1139542	2021-04-29	1034	PRJNA723099	SAMN18804933
Treponema pallidum		strain: Japan308	160	ASM1820537v1	GCA_018205375.1	GenBank	From INSDC submitter	Chromosome	182611	1139574	2021-04-29	1035	PRJNA723099	SAMN18804932
Treponema pallidum		strain: Japan307	160	ASM1820549v1	GCA_018205495.1	GenBank	From INSDC submitter	Chromosome	180797	1139577	2021-04-29	1034	PRJNA723099	SAMN18804931
Treponema pallidum		strain: Japan303	160	ASM1820573v1	GCA_018205735.1	GenBank	From INSDC submitter	Chromosome	180814	1139598	2021-04-29	1034	PRJNA723099	SAMN18804928
Treponema pallidum		strain: Japan306	160	ASM1820613v1	GCA_018206135.1	GenBank	From INSDC submitter	Chromosome	232957	1139593	2021-04-29	1034	PRJNA723099	SAMN18804930
Treponema pallidum		strain: Japan305	160	ASM1820635v1	GCA_018206355.1	GenBank	From INSDC submitter	Chromosome	232961	1139581	2021-04-29	1034	PRJNA723099	SAMN18804929
Treponema pallidum		strain: Japan302x	160	ASM1820658v1	GCA_018206585.1	GenBank	From INSDC submitter	Chromosome	180792	1139558	2021-04-29	1034	PRJNA723099	SAMN18804927
Treponema pallidum		strain: Japan301	160	ASM1820674v1	GCA_018206745.1	GenBank	From INSDC submitter	Chromosome	232956	1139561	2021-04-29	1035	PRJNA723099	SAMN18804926
Treponema pallidum		strain: Japan300	160	ASM1820695v1	GCA_018206955.1	GenBank	From INSDC submitter	Chromosome	232956	1139543	2021-04-29	1035	PRJNA723099	SAMN18804925
Treponema pallidum		strain: Japan298x	160	ASM1820713v1	GCA_018207135.1	GenBank	From INSDC submitter	Chromosome	232956	1139544	2021-04-29	1034	PRJNA723099	SAMN18804924
Treponema pallidum		strain: Japan295x	160	ASM1820719v1	GCA_018207195.1	GenBank	From INSDC submitter	Chromosome	232960	1139534	2021-04-29	1036	PRJNA723099	SAMN18804923
Treponema pallidum		strain: Japan294x	160	ASM1820727v1	GCA_018207275.1	GenBank	From INSDC submitter	Chromosome	232954	1139572	2021-04-29	1035	PRJNA723099	SAMN18804922
Treponema pallidum		strain: Japan291x	160	ASM1820731v1	GCA_018207315.1	GenBank	From INSDC submitter	Chromosome	232952	1139521	2021-04-29	1035	PRJNA723099	SAMN18804921
Treponema pallidum		strain: Japan290	160	ASM1820743v1	GCA_018207435.1	GenBank	From INSDC submitter	Chromosome	232956	1139557	2021-04-29	1034	PRJNA723099	SAMN18804920
Treponema pallidum		strain: Japan288	160	ASM1820745v1	GCA_018207455.1	GenBank	From INSDC submitter	Chromosome	232955	1139583	2021-04-29	1035	PRJNA723099	SAMN18804919
Treponema pallidum		strain: Japan287e	160	ASM1820747v1	GCA_018207475.1	GenBank	From INSDC submitter	Chromosome	232954	1139534	2021-04-29	1035	PRJNA723099	SAMN18804918
Treponema pallidum		strain: ItalyAS15	160	ASM1820749v1	GCA_018207495.1	GenBank	From INSDC submitter	Chromosome	232955	1139563	2021-04-29	1035	PRJNA723099	SAMN18804912
Treponema pallidum		strain: Japan311	160	ASM1820777v1	GCA_018207775.1	GenBank	From INSDC submitter	Chromosome	232958	1139571	2021-04-29	1034	PRJNA723099	SAMN18804934
Treponema pallidum		strain: UAB528ei	160	ASM1977575v1	GCA_019775755.1	GenBank	From INSDC submitter	Chromosome	21408	1139655	2021-04-29	1033	PRJNA723099	SAMN18805055
Treponema pallidum		strain: A10	160	PRJEB25146	GCA_900291945.1	GenBank		Chromosome	218539	1140446	2020-03-22		PRJEB25146	SAMEA104640492
Treponema pallidum		strain: BNK07	160	PRJEB25218	GCA_900298965.1	GenBank		Chromosome	151302	1140463	2020-03-22		PRJEB25218	SAMEA104653695
Treponema pallidum subsp. pertenue	yaws treponeme	strain: R2-64919 substr. JG8	168	R2-64919	GCA_903234185.1	GenBank		Contig	9128	1152139	2020-06-05		PRJEB34799	SAMEA5159628
Treponema pallidum subsp. pertenue	yaws treponeme	strain: R7-PUT1-002 substr. JG8	168	R7-PUT1-002	GCA_903234195.1	GenBank		Contig	9469	1141772	2020-06-05		PRJEB34799	SAMEA5159600
Treponema pallidum subsp. pertenue	yaws treponeme	strain: R8-KOS-007 substr. JG8	168	R8-KOS-007	GCA_903234205.1	GenBank		Contig	11627	1141429	2020-06-05		PRJEB34799	SAMEA5159599
Treponema pallidum subsp. pertenue	yaws treponeme	strain: R7-KUN2-001 substr. SE7	168	R7-KUN2-001	GCA_903469575.1	GenBank		Contig	7014	1148715	2020-06-05		PRJEB34799	SAMEA5159620
Treponema pallidum subsp. pertenue	yaws treponeme	strain: R3-SAL-007 substr. TD6	168	R3-SAL-007	GCA_903469595.1	GenBank		Contig	44192	1131257	2020-06-05		PRJEB34799	SAMEA5159627
Treponema pallidum subsp. pallidum str. Nichols		strain: Nichols	243276	ASM860v1	GCF_000008605.1	RefSeq	From INSDC submitter	Complete Genome	1138011	1138011	1999-12-22	1042	PRJNA5	SAMN02604348
Treponema pallidum subsp. pallidum SS14		strain: SS14	455434	ASM1782v1	GCF_000017825.1	RefSeq	From INSDC submitter	Chromosome	975907	1139457	2008-05-22	1047	PRJNA20067	SAMN00000318
Treponema pallidum subsp. pallidum str. Chicago		strain: Chicago	666714	ASM2448v1	GCF_000024485.1	RefSeq	From INSDC submitter	Chromosome	975717	1139281	2010-03-15	1035	PRJNA39981	SAMN02604256
Treponema pallidum subsp. pertenue str. SamoaD		strain: SamoaD	491078	ASM24675v1	GCF_000246755.1	RefSeq	From INSDC submitter	Chromosome	976110	1139330	2012-02-06	1033	PRJNA30671	SAMN00000317
Treponema pallidum subsp. pertenue str. CDC2		strain: CDC2	491079	ASM24677v1	GCF_000246775.1	RefSeq	From INSDC submitter	Chromosome	976546	1139744	2012-02-06	1035	PRJNA30651	SAMN02603003
Treponema pallidum subsp. pertenue str. Gauthier		strain: Gauthier	491080	ASM24679v1	GCF_000246795.1	RefSeq	From INSDC submitter	Chromosome	976217	1139417	2012-02-06	1036	PRJNA30653	SAMN02603004
Treponema pallidum subsp. pallidum DAL-1		strain: DAL-1	491081	ASM24681v1	GCF_000246815.1	RefSeq	From INSDC submitter	Chromosome	976357	1139971	2012-02-06	1034	PRJNA30649	SAMN02603007
Treponema pallidum subsp. pallidum str. Mexico A		strain: Mexico A	686990	ASM30429v1	GCF_000304295.1	RefSeq	From INSDC submitter	Chromosome	976470	1140038	2012-10-09	1033	PRJNA41401	SAMN00004588
Treponema pallidum str. Fribourg-Blanc		strain: Fribourg-Blanc	1155775	ASM38748v1	GCF_000387485.1	RefSeq	From INSDC submitter	Chromosome	977257	1140481	2013-05-02	1038	PRJNA86661	SAMN03081442
Treponema pallidum subsp. pallidum str. Nichols		strain: Nichols	243276	ASM41053v2	GCF_000410535.2	RefSeq	From INSDC submitter	Chromosome	976495	1139633	2013-07-03	1033	PRJNA30655	SAMN02603005
Treponema pallidum subsp. pallidum SS14		strain: SS14	455434	ASM41055v1	GCF_000410555.1	RefSeq	From INSDC submitter	Chromosome	975980	1139569	2013-06-11	1035	PRJNA20067	SAMN00000318
Treponema pallidum subsp. endemicum str. Bosnia A		strain: Bosnia A	1155776	ASM81328v1	GCF_000813285.1	RefSeq	From INSDC submitter	Chromosome	974078	1137653	2015-01-02	1034	PRJNA86663	SAMN03274241
Treponema pallidum subsp. pallidum	syphilis treponeme	strain: Amoy	161	ASM162869v1	GCF_001628695.1	RefSeq	From INSDC submitter	Chromosome	299191	1139223	2016-04-22	1031	PRJNA315615	SAMN04556745
Treponema pallidum subsp. pallidum	syphilis treponeme	strain: Chicago Population	161	ASM165523v1	GCF_001655235.1	RefSeq	From INSDC submitter	Chromosome	975853	1139466	2016-06-03	1035	PRJNA271237	SAMN03273363
Treponema pallidum subsp. pallidum	syphilis treponeme	strain: CDC-A	161	ASM165527v1	GCF_001655275.1	RefSeq	From INSDC submitter	Chromosome	976109	1139722	2016-06-03	1034	PRJNA271237	SAMN03273364
Treponema pallidum subsp. pallidum	syphilis treponeme	strain: Nichols Houston	161	ASM165531v1	GCF_001655315.1	RefSeq	From INSDC submitter	Chromosome	974861	1138471	2016-06-03	1032	PRJNA271237	SAMN03273361
Treponema pallidum subsp. pallidum	syphilis treponeme	strain: Nichols Houston	161	ASM165535v1	GCF_001655355.1	RefSeq	From INSDC submitter	Chromosome	976028	1139641	2016-06-03	1036	PRJNA271237	SAMN03273362
Treponema pallidum subsp. pallidum	syphilis treponeme	strain: UW074B	161	ASM165539v1	GCF_001655395.1	RefSeq	From INSDC submitter	Chromosome	975974	1139594	2016-06-03	1034	PRJNA271237	SAMN03273355
Treponema pallidum subsp. pallidum	syphilis treponeme	strain: UW189B	161	ASM165543v1	GCF_001655435.1	RefSeq	From INSDC submitter	Chromosome	976208	1139829	2016-06-03	1034	PRJNA271237	SAMN03273356
Treponema pallidum subsp. pallidum	syphilis treponeme	strain: UW228B	161	ASM165547v1	GCF_001655475.1	RefSeq	From INSDC submitter	Chromosome	976438	1140059	2016-06-03	1035	PRJNA271237	SAMN03273357
Treponema pallidum subsp. pallidum	syphilis treponeme	strain: UW254B	161	ASM165551v1	GCF_001655515.1	RefSeq	From INSDC submitter	Chromosome	976241	1139865	2016-06-03	1034	PRJNA271237	SAMN03273358
Treponema pallidum subsp. pallidum	syphilis treponeme	strain: UW391B	161	ASM165555v1	GCF_001655555.1	RefSeq	From INSDC submitter	Chromosome	976180	1139777	2016-06-03	1034	PRJNA271237	SAMN03273359
Treponema pallidum subsp. pallidum	syphilis treponeme	strain: PT_SIF0697	161	ASM171289v1	GCF_001712895.1	RefSeq	From INSDC submitter	Chromosome	462511	1139168	2016-08-25	1035	PRJNA322283	SAMN05150260
Treponema pallidum subsp. pallidum	syphilis treponeme	strain: PT_SIF0857	161	ASM171291v1	GCF_001712915.1	RefSeq	From INSDC submitter	Chromosome	676573	1139148	2016-08-25	1035	PRJNA322283	SAMN05173064
Treponema pallidum subsp. pallidum	syphilis treponeme	strain: PT_SIF0908	161	ASM171293v1	GCF_001712935.1	RefSeq	From INSDC submitter	Chromosome	33752	1139067	2016-08-25	1071	PRJNA322283	SAMN05150354
Treponema pallidum subsp. pallidum	syphilis treponeme	strain: PT_SIF0954	161	ASM171295v1	GCF_001712955.1	RefSeq	From INSDC submitter	Chromosome	676570	1139143	2016-08-25	1034	PRJNA322283	SAMN05150355
Treponema pallidum subsp. pallidum	syphilis treponeme	strain: PT_SIF1002	161	ASM171297v1	GCF_001712975.1	RefSeq	From INSDC submitter	Chromosome	676554	1139126	2016-08-25	1069	PRJNA322283	SAMN05150356
Treponema pallidum subsp. pallidum	syphilis treponeme	strain: PT_SIF1020	161	ASM171299v1	GCF_001712995.1	RefSeq	From INSDC submitter	Chromosome	676605	1139178	2016-08-25	1069	PRJNA322283	SAMN05150357
Treponema pallidum subsp. pallidum	syphilis treponeme	strain: PT_SIF1063	161	ASM171301v1	GCF_001713015.1	RefSeq	From INSDC submitter	Chromosome	676571	1139145	2016-08-25	1068	PRJNA322283	SAMN05150358
Treponema pallidum subsp. pallidum	syphilis treponeme	strain: PT_SIF1127	161	ASM171303v1	GCF_001713035.1	RefSeq	From INSDC submitter	Chromosome	73710	1138929	2016-08-25	1068	PRJNA322283	SAMN05150778
Treponema pallidum subsp. pallidum	syphilis treponeme	strain: PT_SIF1135	161	ASM171305v1	GCF_001713055.1	RefSeq	From INSDC submitter	Chromosome	588841	1139184	2016-08-25	1035	PRJNA322283	SAMN05150382
Treponema pallidum subsp. pallidum	syphilis treponeme	strain: PT_SIF1140	161	ASM171307v1	GCF_001713075.1	RefSeq	From INSDC submitter	Chromosome	16897	1139185	2016-08-25	1036	PRJNA322283	SAMN05150594
Treponema pallidum subsp. pallidum	syphilis treponeme	strain: PT_SIF1142	161	ASM171309v1	GCF_001713095.1	RefSeq	From INSDC submitter	Chromosome	640570	1139159	2016-08-25	1035	PRJNA322283	SAMN05150624
Treponema pallidum subsp. pallidum	syphilis treponeme	strain: PT_SIF1156	161	ASM171311v1	GCF_001713115.1	RefSeq	From INSDC submitter	Chromosome	676579	1139151	2016-08-25	1035	PRJNA322283	SAMN05150625
Treponema pallidum subsp. pallidum	syphilis treponeme	strain: PT_SIF1167	161	ASM171313v1	GCF_001713135.1	RefSeq	From INSDC submitter	Chromosome	676559	1139129	2016-08-25	1034	PRJNA322283	SAMN05150626
Treponema pallidum subsp. pallidum	syphilis treponeme	strain: PT_SIF1183	161	ASM171315v1	GCF_001713155.1	RefSeq	From INSDC submitter	Chromosome	676569	1139138	2016-08-25	1035	PRJNA322283	SAMN05150627
Treponema pallidum subsp. pallidum	syphilis treponeme	strain: PT_SIF1196	161	ASM171317v1	GCF_001713175.1	RefSeq	From INSDC submitter	Chromosome	676578	1139146	2016-08-25	1035	PRJNA322283	SAMN05150628
Treponema pallidum subsp. pallidum	syphilis treponeme	strain: PT_SIF1200	161	ASM171319v1	GCF_001713195.1	RefSeq	From INSDC submitter	Chromosome	676556	1139130	2016-08-25	1035	PRJNA322283	SAMN05150632
Treponema pallidum subsp. pallidum	syphilis treponeme	strain: PT_SIF1242	161	ASM171321v1	GCF_001713215.1	RefSeq	From INSDC submitter	Chromosome	676549	1139123	2016-08-25	1033	PRJNA322283	SAMN05150648
Treponema pallidum subsp. pallidum	syphilis treponeme	strain: PT_SIF1252	161	ASM171323v1	GCF_001713235.1	RefSeq	From INSDC submitter	Chromosome	676556	1139132	2016-08-25	1034	PRJNA322283	SAMN05150673
Treponema pallidum subsp. pallidum	syphilis treponeme	strain: PT_SIF1261	161	ASM171325v1	GCF_001713255.1	RefSeq	From INSDC submitter	Chromosome	676554	1139131	2016-08-25	1034	PRJNA322283	SAMN05150674
Treponema pallidum subsp. pallidum	syphilis treponeme	strain: PT_SIF1278	161	ASM171327v1	GCF_001713275.1	RefSeq	From INSDC submitter	Chromosome	676588	1139163	2016-08-25	1035	PRJNA322283	SAMN05150675
Treponema pallidum subsp. pallidum	syphilis treponeme	strain: PT_SIF1280	161	ASM171329v1	GCF_001713295.1	RefSeq	From INSDC submitter	Chromosome	676566	1139135	2016-08-25	1035	PRJNA322283	SAMN05150676
Treponema pallidum subsp. pallidum	syphilis treponeme	strain: PT_SIF1299	161	ASM171331v1	GCF_001713315.1	RefSeq	From INSDC submitter	Chromosome	676558	1139137	2016-08-25	1035	PRJNA322283	SAMN05150677
Treponema pallidum subsp. pallidum	syphilis treponeme	strain: PT_SIF1348	161	ASM171333v1	GCF_001713335.1	RefSeq	From INSDC submitter	Chromosome	676583	1139158	2016-08-25	1034	PRJNA322283	SAMN05150777
Treponema pallidum subsp. pallidum	syphilis treponeme	strain: PT_SIF0751	161	ASM176151v1	GCF_001761515.1	RefSeq	From INSDC submitter	Chromosome	676583	1139160	2016-10-13	1034	PRJNA322283	SAMN05150273
Treponema pallidum subsp. pallidum	syphilis treponeme	strain: PT_SIF0877_3	161	ASM176156v1	GCF_001761565.1	RefSeq	From INSDC submitter	Chromosome	676561	1139139	2016-10-13	1069	PRJNA322283	SAMN05150353
Treponema pallidum subsp. pallidum	syphilis treponeme	strain: Seattle Nichols	161	ASM194154v1	GCF_001941545.1	RefSeq	From INSDC submitter	Chromosome	976231	1139844	2017-01-10	1035	PRJNA271237	SAMN03273360
Treponema pallidum subsp. pertenue	yaws treponeme	strain: Ghana-051	168	ASM227119v1	GCF_002271195.1	RefSeq	From INSDC submitter	Chromosome	976349	1139577	2017-08-28	1034	PRJNA378179	SAMN06480792
Treponema pallidum subsp. pertenue	yaws treponeme	strain: CDC 2575	168	ASM227123v1	GCF_002271235.1	RefSeq	From INSDC submitter	Chromosome	976349	1139577	2017-08-28	1034	PRJNA378185	SAMN06480828
Treponema pallidum subsp. pallidum	syphilis treponeme	strain: UZ1974	161	ASM305598v1	GCF_003055985.1	RefSeq	From INSDC submitter	Chromosome	975936	1139510	2018-04-18	1035	PRJNA445953	SAMN08803902
Treponema pallidum subsp. pertenue	yaws treponeme	strain: LMNP-1	168	ASM307657v1	GCF_003076575.1	RefSeq	From INSDC submitter	Chromosome	976560	1139772	2018-05-01	1032	PRJNA343706	SAMN06841355
Treponema pallidum subsp. pertenue	yaws treponeme	strain: Kampung Dalan K363	168	ASM361129v1	GCF_003611295.1	RefSeq	From INSDC submitter	Chromosome	976535	1139764	2018-10-03	1034	PRJNA412353	SAMN07709919
Treponema pallidum subsp. pertenue	yaws treponeme	strain: Sei Geringging K403	168	ASM361131v1	GCF_003611315.1	RefSeq	From INSDC submitter	Chromosome	976243	1139464	2018-10-03	1033	PRJNA412353	SAMN07709936
Treponema pallidum subsp. pallidum	syphilis treponeme	strain: Haiti B	161	ASM362711v1	GCF_003627115.1	RefSeq	From INSDC submitter	Chromosome	975989	1139526	2018-10-07	1034	PRJNA414170	SAMN07780978
Treponema pallidum subsp. pertenue	yaws treponeme	strain: CDC-1	168	ASM395280v1	GCF_003952805.1	RefSeq	From INSDC submitter	Chromosome	976350	1139578	2018-12-18	1034	PRJNA416916	SAMN07967415
Treponema pallidum subsp. endemicum		strain: Iraq B	53436	ASM419449v1	GCF_004194495.1	RefSeq	From INSDC submitter	Chromosome	974062	1137653	2019-02-14	1034	PRJNA428415	SAMN08290048
Treponema pallidum subsp. pallidum	syphilis treponeme	strain: CW88	161	ASM531104v1	GCF_005311045.1	RefSeq	From INSDC submitter	Chromosome	975835	1139445	2019-05-14	1039	PRJNA508872	SAMN10534861
Treponema pallidum subsp. pallidum	syphilis treponeme	strain: CW86	161	ASM531106v1	GCF_005311065.1	RefSeq	From INSDC submitter	Chromosome	676056	1139665	2019-05-14	1035	PRJNA508872	SAMN10534859
Treponema pallidum subsp. pallidum	syphilis treponeme	strain: CW83	161	ASM531108v1	GCF_005311085.1	RefSeq	From INSDC submitter	Chromosome	976004	1139543	2019-05-14	1035	PRJNA508872	SAMN10534856
Treponema pallidum subsp. pallidum	syphilis treponeme	strain: CW82	161	ASM531110v1	GCF_005311105.1	RefSeq	From INSDC submitter	Chromosome	976226	1139773	2019-05-14	1032	PRJNA508872	SAMN10534855
Treponema pallidum subsp. pallidum	syphilis treponeme	strain: CW65	161	ASM531112v1	GCF_005311125.1	RefSeq	From INSDC submitter	Chromosome	975562	1139123	2019-05-14	1034	PRJNA508872	SAMN10534854
Treponema pallidum subsp. pallidum	syphilis treponeme	strain: CW56	161	ASM531114v1	GCF_005311145.1	RefSeq	From INSDC submitter	Chromosome	975813	1139415	2019-05-14	1037	PRJNA508872	SAMN10534852
Treponema pallidum subsp. pallidum	syphilis treponeme	strain: CW30	161	ASM531116v1	GCF_005311165.1	RefSeq	From INSDC submitter	Chromosome	975963	1139568	2019-05-14	1037	PRJNA508872	SAMN10534851
Treponema pallidum subsp. pallidum	syphilis treponeme	strain: CW85	161	ASM531118v1	GCF_005311185.1	RefSeq	From INSDC submitter	Chromosome	975929	1139522	2019-05-14	1036	PRJNA508872	SAMN10534858
Treponema pallidum subsp. pallidum	syphilis treponeme	strain: CW84	161	ASM531120v1	GCF_005311205.1	RefSeq	From INSDC submitter	Chromosome	975820	1139423	2019-05-14	1036	PRJNA508872	SAMN10534857
Treponema pallidum subsp. pallidum	syphilis treponeme	strain: CW59	161	ASM531144v1	GCF_005311445.1	RefSeq	From INSDC submitter	Chromosome	975754	1139301	2019-05-14	1034	PRJNA508872	SAMN10534853
Treponema pallidum subsp. pallidum	syphilis treponeme	strain: CW87	161	ASM534148v1	GCF_005341485.1	RefSeq	From INSDC submitter	Chromosome	646091	1139592	2019-05-14	1037	PRJNA508872	SAMN10534860
Treponema pallidum subsp. pallidum	syphilis treponeme	strain: Philadelphia 1	161	ASM540838v1	GCF_005408385.1	RefSeq	From INSDC submitter	Chromosome	975980	1139569	2019-05-16	1036	PRJNA508872	SAMN10581167
Treponema pallidum subsp. pallidum	syphilis treponeme	strain: Grady	161	ASM540840v1	GCF_005408405.1	RefSeq	From INSDC submitter	Chromosome	975485	1139058	2019-05-16	1035	PRJNA508872	SAMN10581168
Treponema pallidum subsp. pallidum	syphilis treponeme	strain: X-4	161	ASM588579v1	GCF_005885795.1	RefSeq	From INSDC submitter	Complete Genome	1139838	1139838	2019-05-29	1035	PRJNA544173	SAMN11812273
Treponema pallidum		strain: UW-148B	160	ASM901743v1	GCF_009017435.1	RefSeq	From INSDC submitter	Chromosome	975942	1139562	2019-10-13	1034	PRJNA534087	SAMN11476981
Treponema pallidum		strain: UW-148B2	160	ASM901747v1	GCF_009017475.1	RefSeq	From INSDC submitter	Chromosome	975940	1139560	2019-10-13	1035	PRJNA534087	SAMN11476982
Treponema pallidum subsp. pallidum	syphilis treponeme	strain: SMUTp_01	161	ASM1523931v1	GCF_015239315.1	RefSeq	From INSDC submitter	Chromosome	299509	1139569	2020-11-05	1034	PRJNA562373	SAMN12638753
Treponema pallidum subsp. pallidum	syphilis treponeme	strain: SMUTp_02	161	ASM1523933v1	GCF_015239335.1	RefSeq	From INSDC submitter	Chromosome	162413	1139569	2020-11-05	1031	PRJNA562373	SAMN12638754
Treponema pallidum subsp. pallidum	syphilis treponeme	strain: SMUTp_04	161	ASM1523935v1	GCF_015239355.1	RefSeq	From INSDC submitter	Chromosome	299517	1139569	2020-11-05	1035	PRJNA562373	SAMN12638756
Treponema pallidum subsp. pallidum	syphilis treponeme	strain: SMUTp_08	161	ASM1523937v1	GCF_015239375.1	RefSeq	From INSDC submitter	Chromosome	25249	1139569	2020-11-05	999	PRJNA562373	SAMN12638760
Treponema pallidum subsp. pallidum	syphilis treponeme	strain: SMUTp_09	161	ASM1523939v1	GCF_015239395.1	RefSeq	From INSDC submitter	Chromosome	10590	1139569	2020-11-05	1018	PRJNA562373	SAMN12638761
Treponema pallidum subsp. pallidum	syphilis treponeme	strain: SMUTp_07	161	ASM1523941v1	GCF_015239415.1	RefSeq	From INSDC submitter	Chromosome	18443	1139633	2020-11-05	1035	PRJNA562373	SAMN12638759
Treponema pallidum		strain: A10	160	PRJEB25146	GCF_900291945.1	RefSeq	From INSDC submitter	Chromosome	218539	1140446	2020-03-22	1036	PRJEB25146	SAMEA104640492
Treponema pallidum		strain: BNK07	160	PRJEB25218	GCF_900298965.1	RefSeq	From INSDC submitter	Chromosome	151302	1140463	2020-03-22	1036	PRJEB25218	SAMEA104653695
Treponema pallidum subsp. pertenue	yaws treponeme	strain: R2-64919 substr. JG8	168	R2-64919	GCF_903234185.1	RefSeq	From INSDC submitter	Contig	9128	1152139	2020-06-05	1203	PRJEB34799	SAMEA5159628
Treponema pallidum subsp. pertenue	yaws treponeme	strain: R7-PUT1-002 substr. JG8	168	R7-PUT1-002	GCF_903234195.1	RefSeq	From INSDC submitter	Contig	9469	1141772	2020-06-05	1162	PRJEB34799	SAMEA5159600
Treponema pallidum subsp. pertenue	yaws treponeme	strain: R8-KOS-007 substr. JG8	168	R8-KOS-007	GCF_903234205.1	RefSeq	From INSDC submitter	Contig	11627	1141429	2020-06-05	1146	PRJEB34799	SAMEA5159599
Treponema pallidum subsp. pertenue	yaws treponeme	strain: R7-KUN2-001 substr. SE7	168	R7-KUN2-001	GCF_903469575.1	RefSeq	From INSDC submitter	Contig	7014	1148715	2020-06-05	1232	PRJEB34799	SAMEA5159620
Treponema pallidum subsp. pertenue	yaws treponeme	strain: R3-SAL-007 substr. TD6	168	R3-SAL-007	GCF_903469595.1	RefSeq	From INSDC submitter	Contig	44192	1131257	2020-06-05	1064	PRJEB34799	SAMEA5159627
